Series,Hyp MSE,Hyp MAPE,Hyp MAE,Final MSE,Final MAPE,Final MAE,Seasonal,Win,TimeHyp
001,0.0009694699078236927,3.0252540130126904,0.013628207725448404,0.001830740132903947,6.229380483621741,0.019669791350007126,False,50,2011.9113183021545
002,0.0011121450174818004,3.0640951106575707,0.013932018465408022,0.001811254103865089,4.413825129565417,0.019290668644642683,False,50,2044.9953322410583
003,0.001081269836454337,3.1800096070547186,0.01362202999014051,0.0017472333250258321,5.079886655173473,0.019739686825350027,False,50,2018.633906364441
004,0.00019660215114658078,3.184081506088562,0.010418026825694714,0.00021325405556482866,3.359245551869126,0.010577130902878686,True,87,1612.9075782299042
005,0.0007619678240026122,8.081142216598742,0.019677684057558962,0.0008269646692986873,6.511229266300464,0.01995889370672485,True,49,1680.645473241806
006,0.0008044113378635562,7.9396137867929735,0.019631652878208727,0.0008186906585028912,6.867747313913791,0.019742838373622833,True,49,1692.3493130207062
007,0.0010029898254776241,17.86959583773983,0.021314016153437462,0.001012976083827138,12.053855090938656,0.02117099627991841,True,49,1657.4872155189514
008,0.0009107317096889811,9.80825550768245,0.02064047156371613,0.0008688215517713205,7.320300132961729,0.020049152616990508,True,49,1717.4885580539703
