Series,Hyp MSE,Hyp MAPE,Hyp MAE,Final MSE,Final MAPE,Final MAE,Seasonal,Win,TimeHyp
001,0.0009694699078236927,3.0252540130126904,0.013628207725448404,0.001830740132903947,6.229380483621741,0.019669791350007126,False,50,2011.9113183021545
002,0.0011121450174818004,3.0640951106575707,0.013932018465408022,0.001811254103865089,4.413825129565417,0.019290668644642683,False,50,2044.9953322410583
