Series,Hyp MSE,Hyp MAPE,Hyp MAE,Final MSE,Final MAPE,Final MAE,Seasonal,Win,TimeHyp
001,0.0009694699078236927,3.0252540130126904,0.013628207725448404,0.001830740132903947,6.229380483621741,0.019669791350007126,False,50,2011.9113183021545
