Series,Hyp MSE,Hyp MAPE,Hyp MAE,Final MSE,Final MAPE,Final MAE,Seasonal,Win,TimeHyp
001,0.0010759061284429433,2.921771774348843,0.013294473014058672,0.0016346812635072785,6.232359838551362,0.018295903098316912,False,50,248.76616501808167
002,0.0011717689469663089,2.867507520251721,0.013137171885021498,0.0018558178360135193,4.331267159247628,0.018782966713831117,False,50,246.77585864067078
003,0.0011891154423015772,2.9665877860478167,0.013222080992464339,0.0019214694371069338,4.719140908287095,0.01950579346487628,False,50,245.51002168655396
