Series,Hyp MSE,Hyp MAPE,Hyp MAE,Final MSE,Final MAPE,Final MAE,Seasonal,Win,TimeHyp
001,0.0010759061284429433,2.921771774348843,0.013294473014058672,0.0016346812635072785,6.232359838551362,0.018295903098316912,False,50,248.76616501808167
