Series,Hyp MSE,Hyp MAPE,Hyp MAE,Final MSE,Final MAPE,Final MAE,Seasonal,Win,TimeHyp
101,6.858421882528773e-05,0.02962368747790444,0.006475034807747375,6.728820825772523e-05,0.02853680708187961,0.006324995661532169,False,50,224.19793248176575
101,6.415927517241268e-05,0.028710969945326386,0.006290488268403735,6.419956076803194e-05,0.027817113504697833,0.0061491539729337415,False,50,101.27449679374695
102,0.012477805088865455,0.008565676425949758,0.08184339100121538,0.07141463986845509,0.01839475715571195,0.14486440882381307,True,100,297.4272105693817
103,0.004207680195571952,2.7354182936693587,0.0511736008923885,0.005757889924800771,0.21595195916030363,0.05972796792518072,True,100,161.6053273677826
104,508.96832906997025,2.3059055953511973,12.141889858070382,397.6646182349833,1.6678498791449219,11.665710001762458,True,2,58.71206593513489
