Series,Hyp MSE,Hyp MAPE,Hyp MAE,Final MSE,Final MAPE,Final MAE,Seasonal,Win,TimeHyp
101,6.858421882528773e-05,0.02962368747790444,0.006475034807747375,6.728820825772523e-05,0.02853680708187961,0.006324995661532169,False,50,224.19793248176575
