Series,Hyp MSE,Hyp MAPE,Hyp MAE,Final MSE,Final MAPE,Final MAE,Seasonal,Win,TimeHyp
001,2672.404865507881,0.7951050079304492,20.7921989039233,4419.11262798377,0.980401629028198,30.28150536013947,False,50,277.59155654907227
