Series,Hyp MSE,Hyp MAPE,Hyp MAE,Final MSE,Final MAPE,Final MAE,Seasonal,Win,TimeHyp
001,2672.404865507881,0.7951050079304492,20.7921989039233,4419.11262798377,0.980401629028198,30.28150536013947,False,50,277.59155654907227
002,3074.1261061319265,0.9117396331241515,21.198083775523067,4622.233209741946,0.8281171322331898,29.93012038723976,False,50,279.5809414386749
003,2968.661976987668,2.0167576923455686,21.419599009459155,4475.327650964292,6.580780638150827,30.453285382284257,False,50,277.0794024467468
