Model,Mean Rank
RandomForest,1.6440677966101696
XGBoost,1.8135593220338984
Dual Stage,2.8813559322033897
RegressionTree,3.6610169491525424
