Model,Mean Rank
RandomForest,1.3617021276595744
XGBoost,1.9148936170212767
Ours,2.851063829787234
RegressionTree,3.872340425531915
