Series,Hyp MSE,Hyp MAPE,Hyp MAE,Final MSE,Final MAPE,Final MAE,Seasonal,Win,TimeHyp
001,0.0015507896663564092,3.8019799702762755,0.01710209520795781,0.0020143942088633373,7.0881993020124865,0.02091071071423504,False,50,8.473647832870483
002,0.0015824668127866043,3.402915928350963,0.016114113732400286,0.003562872966923656,5.330769123915433,0.024893958854312826,False,50,11.570671081542969
003,0.0018957688509228757,3.9969243289269207,0.017476117017514593,0.003486320696348996,5.907214309968445,0.02611506771725932,False,50,8.307473182678223
004,0.000569055852231363,5.556415129362301,0.015245690478562274,0.0003704198500440024,4.506100839887428,0.013351074874938019,True,87,3.178952693939209
005,0.0012544669055887222,9.613679550659892,0.02492390293042268,0.0013399829044865072,8.646633779687308,0.025531529003663976,True,49,3.6107065677642822
006,0.0013259878187253874,10.133228397481966,0.02580921957899377,0.0013747733326767034,8.733749674831731,0.02602915923370569,True,49,3.473754644393921
007,0.001451747702331966,20.50447755073746,0.02659677548379673,0.0017216971420721352,16.071245342234516,0.02782949247502563,True,49,3.5072696208953857
