Series,Hyp MSE,Hyp MAPE,Hyp MAE,Final MSE,Final MAPE,Final MAE,Seasonal,Win,TimeHyp
001,0.0015507896663564092,3.8019799702762755,0.01710209520795781,0.0020143942088633373,7.0881993020124865,0.02091071071423504,False,50,8.473647832870483
002,0.0015824668127866043,3.402915928350963,0.016114113732400286,0.003562872966923656,5.330769123915433,0.024893958854312826,False,50,11.570671081542969
