Series,NumClusters,Sil Hyp,Sil Test,Final MSE,Final MAPE,Final MAE,Seasonal,Win_Clust,Win_Tree,Perc,Trees MSE Hyp,Trees MAPE Hyp,Trees MAE Hyp
001,2,0.1459969559512404,0.12526829648344995,10788.522793663113,1.27256482893872,48.14237907082701,False,50,50,0.5,"[851.0964046881921, 11125.060199109537]","[0.9204696928316786, 1.4149149181826404]","[17.209226303705826, 55.216536278709114]"
001,2,0.1459969559512404,0.12526829648344995,10788.522793663113,1.27256482893872,48.14237907082701,False,50,50,1.0,"[851.0964046881921, 11125.060199109537]","[0.9204696928316786, 1.4149149181826404]","[17.209226303705826, 55.216536278709114]"
001,2,0.1459969559512404,0.12526829648344995,10788.522793663113,1.27256482893872,48.14237907082701,False,50,50,2.0,"[851.0964046881921, 11125.060199109537]","[0.9204696928316786, 1.4149149181826404]","[17.209226303705826, 55.216536278709114]"
001,2,0.1459969559512404,0.12526829648344995,10788.522793663113,1.27256482893872,48.14237907082701,False,50,50,3.0,"[851.0964046881921, 11125.060199109537]","[0.9204696928316786, 1.4149149181826404]","[17.209226303705826, 55.216536278709114]"
